{"mean_reward": 214.14028199999998, "std_reward": 0.9986207795504827, "timestep": 128000, "_timestamp": 1718214948.7872086, "_runtime": 110.18389058113098, "_step": 8, "model_path": "/home/ale/TT_RLProject_2024/Task_4/ppo_Hopper_v0_0.001", "_wandb": {"runtime": 109}}