{"model_path": "/home/ale/TT_RLProject_2024/Task_4/ppo_Hopper_v0_0.001", "mean_reward": 215.51742819999998, "_timestamp": 1718216353.626174, "_runtime": 106.21105408668518, "_step": 0, "_wandb": {"runtime": 105}}