{"model_path": "/home/ale/TT_RLProject_2024/Task_4/ppo_Hopper_v0_0.0001", "mean_reward": 1661.1532582, "_timestamp": 1718210899.9956362, "_runtime": 1675.7586963176727, "_step": 0, "_wandb": {"runtime": 1675}}