{"mean_reward": 231.8278574, "std_reward": 1.819701532333694, "timestep": 128000, "_timestamp": 1718215421.0424914, "_runtime": 109.50934433937073, "_step": 8, "model_path": "/home/ale/TT_RLProject_2024/Task_4/ppo_Hopper_v0_0.01", "_wandb": {"runtime": 109}}