{"mean_reward": 222.225103, "std_reward": 1.1620544642269968, "timestep": 128000, "_timestamp": 1718215304.7918143, "_runtime": 112.39629030227661, "_step": 8, "model_path": "/home/ale/TT_RLProject_2024/Task_4/ppo_Hopper_v0_0.01", "_wandb": {"runtime": 112}}